{
  "aggression_factor": 1.2238766469008489,
  "bluff_frequency": 0.29999999999999993,
  "flop_af": 0.3,
  "fold_to_cbet": 0.44704433497536944,
  "hands_observed": 4669,
  "pfr": 0.15881345041764833,
  "river_af": 0.32679738562091504,
  "showdown_win_rate": 0.45832558365220616,
  "source_player": "Jeff",
  "threebet_rate": 0.017094017094017096,
  "turn_af": 0.34615384615384615,
  "vpip": 0.3866995073891626,
  "wtsd": 0.5858585858585859
}
